"Site Name ","Site Status ","Device Reachability ","Device CPU/Memory ","Peak Utilization In (%)","Peak Utilization Out (%)","Congestion Drops ","Interface Errors "
"Hayward CA - Omnicare - HAY","Critical","Good","Good","18.521627","7.623923","Good","0"
"Weston FL - Omnicare - WST","Critical","Good","Good","7.2293296","2.8650947","Good","0"
"Boston MA - CarePlus - BON","Warning","Good","Good","48.109455","59.62804","Good","0"
"Abingdon VA - Omnicare - ABG","Good","Good","Good","36.271076","4.4130282","Good","0"
"Albuquerque NM - Omnicare - ABR","Good","Good","Good","4.4204473","5.0421042","Good","0"
"Alexandria LA - Omnicare - ALX","Good","Good","Good","23.542265","6.8805857","Good","0"
"Alpharetta GA - Active Health - ALA","Good","Good","Good","3.0268936","2.0459237","Good","0"
"Alpharetta GA - RBO-SA-VOIP - APH","Good","Good","Good","0","0","Good","0"
"Amarillo TX - Omnicare - AML","Good","Good","Good","8.0700035","6.2585382","Good","0"
"Amherst NY - Meritain - AHT","Good","Good","Good","2.122371","2.9139016","Good","0"
"Anchorage AK - Meritain - ANC","Good","Good","Good","3.4187648","4.5191946","Good","0"
"Annapolis Junction MD - Omnicare - ANJ","Good","Good","Good","1.3528705","0.09201808","Good","0"
"Arlington TX - Aetna - ART","Good","Good","Good","","","Good","0"
"Ashburn VA - Equinix - EXV","Good","Good","Good","","","Good","0"
"Atlanta GA - Aetna - ATL","Good","Good","Good","1.8615295","10.986152","Good","0"
"Atlanta GA - QTS - ATT","Good","Good","Good","","","Good","0"
"Atlanta GA - Specialty - AAN","Good","Good","Good","17.218613","9.317791","Good","0"
"Atlanta GA - West Corp @ Telx - ALN","Good","Good","Good","16.673174","16.45386","Good","0"
"Augusta GA - DistCenter - AGT","Good","Good","Good","0.12403791","0.17007779","Good","0"
"Aurora CO - CarePlus - ARA","Good","Good","Good","","","Good","0"
"Austin TX - Coventry - AST","Good","Good","Good","0.6580936","0.8071648","Good","0"
"Austin TX - Omnicare - AUS","Good","Good","Good","4.4651833","6.666623","Good","0"
"BLOOMINGTON MN - CORPORATE - BLM","Good","Good","Good","5.686446","1.7781647","Good","0"
"Ballston Spa NY - Omnicare - BLS","Good","Good","Good","4.4873857","1.973476","Good","0"
"Bartlett (Memphis) TN - Specialty - MES","Good","Good","Good","3.1893258","4.0151424","Good","0"
"Baton Rouge LA - Aetna - BNG","Good","Good","Good","2.3849294","3.777238","Good","0"
"Beach Island (North Augusta) SC - DistCenter - NAA","Good","Good","Good","3.9296224","6.0805526","Good","0"
"Bentonville AR - Wal-Mart - BTN","Good","Good","Good","-0.01","-0.01","Good","0"
"Bhubaneswar Orissa - Infosys - BBW","Good","Good","Good","","","Good","0"
"Billings MT - Omnicare - BLG","Good","Good","Good","11.513982","7.6286664","Good","0"
"Birmingham AL - Specialty - BRH","Good","Good","Good","0.36008868","0.15071902","Good","0"
"Bluebell PA - Aetna - BLB","Good","Good","Good","4.068098","8.495998","Good","0"
"Boise ID - WFH - BOE","Good","Good","Good","0.014195563","0.026857536","Good","0"
"Bonham Quay Galway - Signify - GAL","Good","Good","Good","0.059347115","0.16503352","Good","0"
"Boston MA - CarePlus - BSO","Good","Good","Good","3.1962533","3.7714791","Good","0"
"Brooklyn Center MN - Omnicare - BKC","Good","Good","Good","4.3680573","4.2582655","Good","0"
"Buffalo Grove IL - Corporate - BFF","Good","Good","Good","3.9804616","2.2864916","Good","1428"
"COLLIERVILLE TN - SPECIALTY - CVL","Good","Good","Good","27.452698","1.7781374","Good","0"
"Canoga Park CA - Omnicare - CNP","Good","Good","Good","3.761094","4.4370365","Good","0"
"Carolina PR - Specialty - CRA","Good","Good","Good","","","Good","0"
"Cary NC - Coventry - MRV","Good","Good","Good","4.9411454","12.449212","Good","0"
"Cerritos CA - Omnicare - CTO","Good","Good","Good","17.103823","9.785738","Good","0"
"Chandler AZ - CustomerCare - CHD","Good","Good","Good","1.0442255","1.1880558","Good","0"
"Chandler AZ - Omnicare - CHR","Good","Good","Good","2.2303445","23.979805","Good","0"
"Charleston SC - Omnicare - CRS","Good","Good","Good","","","Good","0"
"Charleston WV - Coventry - CHS","Good","Good","Good","19.48071","18.138617","Good","0"
"Charlotte NC - CarePlus - CLT","Good","Good","Good","0.22112611","0.085153244","Good","0"
"Cheshire CT - Omnicare - CSR","Good","Good","Good","4.700119","3.167513","Good","0"
"Chippewa Falls WI - Omnicare - CWF","Good","Good","Good","30.431982","7.409204","Good","0"
"Cincinnati OH - Omnicare - CNI","Good","Good","Good","14.028295","1.6530834","Good","0"
"Cleveland TN - Omnicare - CLV","Good","Good","Good","51.018524","8.261262","Good","0"
"Colombo Sri Lanka - Virtusa - CLB","Good","Good","Good","","","Good","0"
"Columbia MD - Coram - CLA","Good","Good","Good","","","Good","0"
"Columbia SC - Coram - CMI","Good","Good","Good","","","Good","0"
"Columbia SC - Specialty - CLI","Good","Good","Good","1.1827396","0.7426529","Good","0"
"Columbus OH - Omnicare - CBS","Good","Good","Good","17.64868","6.4867725","Good","0"
"Conroe TX - DistCenter - CNR","Good","Good","Good","9.012975","6.846514","Good","1"
"Conyers GA - Omnicare - CNY","Good","Good","Good","9.154449","0.21973121","Good","0"
"Coventry RI - Omnicare - COV","Good","Good","Good","15.036728","11.115021","Good","0"
"Cumberland RI - Coram - CMD","Good","Good","Good","","","Good","0"
"Cumberland RI - Corporate - CBL","Good","Good","Good","","","Good","0"
"Cumberland RI - Corporate - CLD","Good","Good","Good","","","Good","0"
"Cumberland RI - DataCenter - CLD","Good","Good","Good","24.341867","0.007451145","Good","0"
"Decatur IL - Omnicare - DEC","Good","Good","Good","9.471666","3.0370061","Good","0"
"Denver CO - West Corp DGE - DVR","Good","Good","Good","14.894351","14.893387","Good","0"
"Des Plaines IL - Omnicare - DPS","Good","Good","Good","5.903175","4.25968","Good","0"
"Detroit Troy MI - Specialty - DET","Good","Good","Good","0.4966219","1.0697685","Good","0"
"Downers Grove IL - Coventry - DWN","Good","Good","Good","5.0751843","14.165147","Good","0"
"Dublin - Aetna - DLN","Good","Good","Good","","","Good","0"
"East Windsor NJ - Conduent - EWN","Good","Good","Good","46.500767","37.005455","Good","0"
"Edina MN - Vendor - EDA","Good","Good","Good","0.0022615013","0.0055281627","Good","0"
"Edison NJ - Omnicare - EDN","Good","Good","Good","2.68195","2.9172282","Good","0"
"El Paso TX - HGS - EPO","Good","Good","Good","11.531703","11.627945","Good","0"
"Ennis TX - DistCenter - ENN","Good","Good","Good","1.2686846","0.7183103","Good","0"
"Escanaba MI - Omnicare - ESC","Good","Good","Good","2.9512396","5.184829","Good","0"
"Fairfield NJ - Specialty - FRF","Good","Good","Good","2.5137641","2.6367593","Good","0"
"Falls Church VA - Innovation Health - FLL","Good","Good","Good","0.63837385","1.6826699","Good","0"
"Florham Park NJ - Corporate - FHP","Good","Good","Good","0.3080722","0.4044681","Good","0"
"Florissant MO - Omnicare - FLT","Good","Good","Good","4.4958916","2.5529218","Good","0"
"Flower Mound TX - Specialty - FMD","Good","Good","Good","1.5714178","0.53475153","Good","0"
"Fort Wayne IN - Omnicare - FRW","Good","Good","Good","11.399254","13.045517","Good","0"
"Fort Worth TX - CarePlus - FWO","Good","Good","Good","0.3453493","0.25993773","Good","0"
"Fort Worth TX - Omnicare - FTW","Good","Good","Good","10.3486395","3.1003344","Good","0"
"Franklin TN - Aetna - FKN","Good","Good","Good","7.777053","2.8530822","Good","0"
"Fredericksburg VA - DistCenter - FRG","Good","Good","Good","9.173575","8.496971","Good","0"
"GREENSBORO NC - CORPORATE - GNR","Good","Good","Good","0.14788094","0.14679204","Good","0"
"Glasgow KY - DistCenter - GLO","Good","Good","Good","4.260927","0.76114845","Good","0"
"Glastonbury CT - Kelser - GLS","Good","Good","Good","1.2060707","1.2604481","Good","0"
"Golden CO - Omnicare - GLD","Good","Good","Good","5.7747507","2.5186474","Good","0"
"Grand Junction CO - Omnicare - GDJ","Good","Good","Good","8.064602","5.7628717","Good","0"
"Greenville WI - Omnicare - GRE","Good","Good","Good","6.9405584","4.5038185","Good","0"
"Harrisburg PA - Penn DOT - HBG","Good","Good","Good","","","Good","0"
"Harrisonburg VA - Omnicare - HRN","Good","Good","Good","11.568489","3.382247","Good","0"
"Hartford CT - Aetna - BVC","Good","Good","Good","6.6904755","7.7736363","Good","0"
"Hartford CT - Aetna - HDL","Good","Good","Good","","","Good","0"
"Hartford CT - Corporate - HAT","Good","Good","Good","0.066009134","0.042623848","Good","0"
"Henderson KY - Omnicare - HND","Good","Good","Good","10.548518","18.529995","Good","0"
"Herrin IL - Omnicare - HRR","Good","Good","Good","0.12764747","0.36842102","Good","0"
"Hickory NC - Omnicare - HIK","Good","Good","Good","25.812786","13.919452","Good","0"
"High Point NC - Aetna - GRN","Good","Good","Good","2.973854","3.3590987","Good","0"
"Honolulu HI - MailOrder - HOL","Good","Good","Good","5.2834144","2.4083955","Good","0"
"Honolulu HI - Specialty - HLO","Good","Good","Good","1.0333649","1.3723131","Good","0"
"Houston TX - DistCenter - HTN","Good","Good","Good","3.022172","1.3061069","Good","0"
"Indianapolis IN - DistCenter - INI","Good","Good","Good","6.0265203","6.286777","Good","0"
"Indianapolis IN - Omnicare - INA","Good","Good","Good","14.62719","13.630997","Good","0"
"Irving TX - Aetna - IVG","Good","Good","Good","3.5789204","1.4718556","Good","0"
"Irving TX - Corporate - IRV","Good","Good","Good","0.55109435","0.29578108","Good","0"
"Jacksonville FL - Aetna - JAX","Good","Good","Good","7.529255","10.928858","Good","0"
"Jacksonville FL - Omnicare - JKN","Good","Good","Good","3.047567","2.1987827","Good","0"
"Jefferson LA - Omnicare - JEF","Good","Good","Good","0.23666878","0.35235387","Good","0"
"Jersey City NJ - DistCenter - JCY","Good","Good","Good","4.1447325","2.1539905","Good","0"
"Kansas City MO - DistCenter - KNN","Good","Good","Good","","","Good","0"
"Kansas City MO - Omnicare - KNT","Good","Good","Good","1.9939909","1.5889446","Good","0"
"Kapolei HI - DistCenter - KPL","Good","Good","Good","0.68290246","0.46968135","Good","0"
"Kenner LA - Aetna - KEN","Good","Good","Good","1.5436435","2.4481652","Good","0"
"Kentwood (Grand Rapids) MI - Coram - GDR","Good","Good","Good","5.4909973","8.07732","Good","0"
"King Of Prussia PA - Omnicare - KOP","Good","Good","Good","13.021229","7.853507","Good","0"
"Knoxville TN - DistCenter - KNV","Good","Good","Good","4.232978","4.06275","Good","0"
"LEES SUMMIT MO - CUSTOMERCARE - LEE","Good","Good","Good","1.4237162","3.0179105","Good","0"
"La Habra CA - DistCenter - LAH","Good","Good","Good","3.7877996","5.879714","Good","0"
"Lansing MI - Meritain - OMS","Good","Good","Good","0","0","Good","0"
"Las Vegas NV - CustomerCare - LVG","Good","Good","Good","2.2073138","0.6437048","Good","0"
"Las Vegas NV - Omnicare - LAS","Good","Good","Good","22.726816","7.3350945","Good","0"
"Las Vegas NV - Specialty - LVA","Good","Good","Good","6.6350484","3.7843733","Good","0"
"Lenexa KS - Specialty - LNX","Good","Good","Good","","","Good","0"
"Lodi CA - Omnicare - LDI","Good","Good","Good","5.6001263","2.2664857","Good","0"
"Londonderry NH - Omnicare - LDD","Good","Good","Good","70.35262","16.23403","Good","0"
"Los Angeles CA - HGS @ USColo - LSN","Good","Good","Good","16.82521","30.605906","Good","0"
"Loudon TN - DistCenter - LDN","Good","Good","Good","1.6252222","0.7064428","Good","0"
"Louisville (Jeffersontown) KY - Omnicare - LSI","Good","Good","Good","3.1009064","5.1755576","Good","0"
"Louisville KY - Aetna - LSV","Good","Good","Good","0.8304271","1.4087421","Good","0"
"Lumberton NJ - DistCenter - LUM","Good","Good","Good","9.635941","16.897799","Good","0"
"Malvern PA - Coram - MLV","Good","Good","Good","9.636999","6.7637205","Good","0"
"Medford OR - Omnicare - MDF","Good","Good","Good","0.21781574","2.9438243","Good","0"
"Mendota Heights MN - Coram - MDH","Good","Good","Good","40.22047","6.5690384","Good","0"
"Meridian ID - Omnicare - MRD","Good","Good","Good","2.9461465","4.076923","Good","0"
"Miami FL - CarePlus - MMI","Good","Good","Good","0.15445861","0.095987804","Good","0"
"Middeltown CT - Aetna - BTC","Good","Good","Good","5.6564684","6.118017","Good","0"
"Middletown CT - Aetna - MID","Good","Good","Good","2.9335978","1.4261277","Good","0"
"Middletown CT - DataCenter - MDL","Good","Good","Good","","","Good","0"
"Milford MA - Specialty - MLF","Good","Good","Good","3.108997","2.7912967","Good","0"
"Milwaukee WI - Omnicare - MIL","Good","Good","Good","2.7722864","11.242391","Good","0"
"Monroeville PA - Specialty - MRL","Good","Good","Good","5.1786604","2.807742","Good","0"
"Moon Township PA - Coventry - MTP","Good","Good","Good","1.7803319","6.9602766","Good","0"
"Moon Township PA - Coventry - MTS","Good","Good","Good","0","0","Good","0"
"Morgantown WV - Omnicare - MGT","Good","Good","Good","2.0481417","2.2238514","Good","0"
"Mount Prospect IL - CustomerCare - MNR","Good","Good","Good","4.630054","4.2175527","Good","0"
"Mount Prospect IL - MailOrder - MNO","Good","Good","Good","2.687607","3.4442306","Good","0"
"Muntinlupa City Alabang - HGS - MUC","Good","Good","Good","","","Good","0"
"Nashville TN - Omnicare - NSI","Good","Good","Good","1.8511591","2.383914","Good","0"
"Navi Mumbai India - HGS - MMB","Good","Good","Good","","","Good","0"
"New Albany OH - Aetna - COL","Good","Good","Good","4.5507607","28.904125","Good","0"
"New Delhi India - Concentrix - NDL","Good","Good","Good","","","Good","0"
"New York NY - Aetna - NWY","Good","Good","Good","29.459223","4.4395847","Good","0"
"New York NY - Aetna - NYK","Good","Good","Good","44.257317","31.753895","Good","0"
"New York NY - CarePlus - NYO","Good","Good","Good","0.18969253","1.3987505","Good","0"
"New York NY - Corporate - NOW","Good","Good","Good","0.33978763","0.28768653","Good","0"
"North Brook IL - Corporate - NBK","Good","Good","Good","0.12971056","0.2733775","Good","0"
"North Little Rock AR - Omnicare - NLR","Good","Good","Good","9.865603","10.153612","Good","0"
"North Smithfield RI - DistCenter - NSF","Good","Good","Good","2.0136523","2.0577512","Good","0"
"Novi MI - DistCenter - NOV","Good","Good","Good","3.6835215","2.8266685","Good","0"
"Oklahoma City OK - Aetna - OKC","Good","Good","Good","1.8597115","3.205271","Good","0"
"Oklahoma City OK - Omnicare - OKA","Good","Good","Good","0.3405772","0.32924747","Good","0"
"Orlando FL - Aetna - ORD","Good","Good","Good","1.3532919","1.4203498","Good","0"
"Orlando FL - CustomerCare - ORO","Good","Good","Good","3.2978802","2.3355484","Good","0"
"Orlando FL - DistCenter - ORA","Good","Good","Good","7.278777","9.583339","Good","0"
"Orlando FL - Specialty - OLN","Good","Good","Good","2.3151307","0.30582842","Good","0"
"Panama City FL - Omnicare - PAN","Good","Good","Good","0.6438375","2.511259","Good","0"
"Parsippany NJ - Aetna - FAI","Good","Good","Good","11.207521","23.45687","Good","0"
"Parsippany NJ - Aetna - PAR","Good","Good","Good","0.043923974","0.01711766","Good","0"
"Patterson CA - DistCenter - PAT","Good","Good","Good","4.064469","4.764414","Good","0"
"Peabody MA - Omnicare - PEA","Good","Good","Good","2.7132397","3.3843617","Good","0"
"Perrysburg OH - Omnicare - PER","Good","Good","Good","10.152677","3.8360548","Good","0"
"Philadelphia PA - CarePlus - PHA","Good","Good","Good","10.491948","5.491026","Good","0"
"Phoenix AZ - Aetna - PDC","Good","Good","Good","0.36182642","1.8414508","Good","0"
"Phoenix AZ - Aetna - PHX","Good","Good","Good","8.490199","7.6189795","Good","0"
"Phoenix AZ - Aetna - PNX","Good","Good","Good","","","Good","0"
"Phoenix AZ - CarePlus - PHN","Good","Good","Good","0.17918319","0.14346154","Good","0"
"Phoenix AZ - CustomerCare - PXX","Good","Good","Good","1.1085377","0.87179226","Good","0"
"Pittsburgh PA - Corporate - PIH","Good","Good","Good","1.0227312","1.7427936","Good","0"
"Pittsburgh PA - Omnicare - PTB","Good","Good","Good","51.633274","13.227455","Good","0"
"Plainview NY - Omnicare - PNV","Good","Good","Good","6.536945","1.08425","Good","0"
"Plantation FL - Aetna - PLN","Good","Good","Good","1.336104","1.5840594","Good","0"
"Plantation FL - CallCenter - PTN","Good","Good","Good","0.15368725","0.06908401","Good","0"
"Plymouth MN - Meritain - PMH","Good","Good","Good","2.4696243","3.0348752","Good","0"
"Portland ME - Specialty - PRL","Good","Good","Good","0.8457853","0.2046807","Good","0"
"Portland OR - CarePlus - PLD","Good","Good","Good","0.15722063","0.039577164","Good","0"
"Portland OR - Omnicare - PRA","Good","Good","Good","32.595394","5.805598","Good","0"
"Portsmouth VA - Omnicare - PMT","Good","Good","Good","4.4506354","0.08142191","Good","0"
"Prattville AL - Omnicare - PTV","Good","Good","Good","2.825661","3.814959","Good","0"
"Providence RI - CarePlus - PVD","Good","Good","Good","0","0","Good","0"
"Pune India - Infosys - PUN","Good","Good","Good","","","Good","0"
"Quezon City Manila - Accenture - QZN","Good","Good","Good","","","Good","0"
"Quezon City Manila - Concentrix - MNA","Good","Good","Good","","","Good","0"
"Quezon City Quezon City - Concentrix - QZC","Good","Good","Good","","","Good","0"
"Quezon City Ugong Norte - HGS - QNY","Good","Good","Good","","","Good","0"
"RI Data Center","Good","Good","Good","8.250284","11.313913","Good","215"
"RS-AZ-PH","Good","Good","Good","7.2357426","8.514361","Good","0"
"RS-AZ-TH","Good","Good","Good","0.054549687","0.013876785","Good","0"
"RS-RI-PI","Good","Good","Good","","","Good","0"
"RS-RI-TH","Good","Good","Good","9.246637","12.778321","Good","0"
"Raleigh NC - Omnicare - RAL","Good","Good","Good","25.807602","12.793167","Good","0"
"Raleigh NC - Specialty - RAG","Good","Good","Good","0.55220574","0.4348801","Good","0"
"Redlands CA - Specialty - REL","Good","Good","Good","3.7817404","1.8009592","Good","0"
"Reno NV - Omnicare - REN","Good","Good","Good","1.6354598","3.7789743","Good","0"
"Richardson TX - Corporate - RIH","Good","Good","Good","","","Good","0"
"Richardson TX - Corporate - RIS","Good","Good","Good","2.066488","0.8999291","Good","0"
"Richmond VA - ClientSite - RHD","Good","Good","Good","1.395112","0.57737917","Good","0"
"Richmond VA - Omnicare - RIN","Good","Good","Good","7.6117754","4.0138583","Good","0"
"Ridgeland MS - Omnicare - RDL","Good","Good","Good","43.618984","16.433584","Good","0"
"Rio Piedras PR - Specialty - RDP","Good","Good","Good","0.007949347","0.026329828","Good","0"
"Rochester NY - Omnicare - ROC","Good","Good","Good","22.913166","8.405517","Good","0"
"Salt Lake City UT - Omnicare - SLC","Good","Good","Good","6.351465","2.178547","Good","0"
"San Antonio TX - Aetna - SNN","Good","Good","Good","13.308644","2.8186336","Good","0"
"San Antonio TX - CarePlus - SAO","Good","Good","Good","0.17994486","0.1595986","Good","0"
"San Antonio TX - CustomerCare - SIO","Good","Good","Good","3.6479597","1.970456","Good","0"
"San Antonio TX - Omnicare - SNA","Good","Good","Good","0.8409576","1.7257383","Good","0"
"San Diego CA - CarePlus - SNG","Good","Good","Good","0.19895044","0.15993147","Good","0"
"San Diego CA - Coram - SDO","Good","Good","Good","21.076855","9.233573","Good","23413"
"San Diego CA - Omnicare - SDI","Good","Good","Good","12.0917015","5.2521234","Good","0"
"San Francisco CA - CarePlus - SFO","Good","Good","Good","1.2167021","0.13979308","Good","0"
"Sandy UT - Conduent - SND","Good","Good","Good","0.056325503","0.061973244","Good","0"
"Sandy UT - Conduent - SNY","Good","Good","Good","","","Good","0"
"Sanford FL - Omnicare - SNF","Good","Good","Good","1.5645664","2.6190472","Good","0"
"Santa Clara CA - CoreSite - SNC","Good","Good","Good","12.115151","12.219955","Good","0"
"Santa Rosa CA - Omnicare - STA","Good","Good","Good","7.5513735","8.791898","Good","0"
"Scottsdale AZ - Aetna - SSD","Good","Good","Good","0.838493","0.19638541","Good","0"
"Scottsdale AZ - CVS Caremark - SCT","Good","Good","Good","6.938795","3.8495257","Good","0"
"Scottsdale AZ - Corporate - SLB","Good","Good","Good","0.007243162","0.021166714","Good","0"
"Scottsdale AZ - DataCenter - SCD","Good","Good","Good","9.790465","23.365427","Good","0"
"Scranton PA - Omnicare - SCA","Good","Good","Good","0.124398395","0.3020189","Good","0"
"Seattle WA - CarePlus - SEA","Good","Good","Good","","","Good","0"
"Shreveport LA - Omnicare - SHP","Good","Good","Good","38.032726","1.6777886","Good","0"
"Shrewsbury MA - Omnicare - SRW","Good","Good","Good","23.656836","9.362066","Good","0"
"Smithfield RI - Corporate - SMD","Good","Good","Good","","","Good","0"
"Somerset PA - DistCenter - SMR","Good","Good","Good","","","Good","0"
"South Bend IN - Omnicare - STB","Good","Good","Good","13.778157","18.323816","Good","0"
"Southfield MI - Aetna - STF","Good","Good","Good","0.2991357","0.10603458","Good","0"
"Sparks NV - Aetna - SRK","Good","Good","Good","0.33087194","0.5533817","Good","0"
"Spartanburg SC - Omnicare - SPT","Good","Good","Good","6.594225","2.5775888","Good","0"
"Spokane WA - Omnicare - SPK","Good","Good","Good","1.6631374","1.7233719","Good","0"
"Springfield MO - Omnicare - SPN","Good","Good","Good","19.018642","0.34719732","Good","0"
"Stafford TX - Omnicare - SRD","Good","Good","Good","1.3799137","2.3605027","Good","0"
"Tampa FL - Omnicare - TAA","Good","Good","Good","3.8309138","6.402269","Good","0"
"Tampa FL - Specialty - TMM","Good","Good","Good","3.8105083","5.6178913","Good","0"
"Tolleson AZ - DistCenter - TON","Good","Good","Good","0.9280935","2.9159412","Good","0"
"Tualatin OR - WellPartner - TUA","Good","Good","Good","1.0473773","0.41030967","Good","0"
"Tukwila WA - Omnicare - TOK","Good","Good","Good","6.4331217","6.4672565","Good","0"
"Twinsburg OH - Corporate - TWN","Good","Good","Good","0","0","Good","0"
"Tyler TX - Omnicare - TYL","Good","Good","Good","0.10498847","0.5365733","Good","0"
"Urbandale IA - Omnicare - URD","Good","Good","Good","3.6173239","1.7356062","Good","0"
"Vero Beach FL - DistCenter - VOB","Good","Good","Good","0.96820724","0.7968964","Good","0"
"Wadsworth OH - Omnicare - WAD","Good","Good","Good","7.588793","3.8036947","Good","0"
"Wando (Charleston) SC - Omnicare - WAN","Good","Good","Good","6.7283444","8.415337","Good","0"
"Washington DC - Aetna - WSH","Good","Good","Good","10.4767475","5.6595507","Good","0"
"Washington DC - CarePlus - WSG","Good","Good","Good","0.22282165","0.088776596","Good","0"
"Washington DC - Corporate - WHG","Good","Good","Good","0.41926825","0.24551237","Good","0"
"Waverly (Chemung) NY - DistCenter - WAV","Good","Good","Good","3.8788126","7.3430567","Good","36"
"Wellesley MA - Aetna - WLS","Good","Good","Good","7.9734945","3.6497824","Good","0"
"Wellesley MA - Corporate - WEL","Good","Good","Good","3.1397798","0.32545492","Good","0"
"West Chester OH - CarePlus - WCS","Good","Good","Good","0.07029056","0.09501502","Good","0"
"West Hollywood CA - CarePlus - WHY","Good","Good","Good","2.1281927","1.7947257","Good","0"
"Westbrook ME - Omnicare - WTB","Good","Good","Good","23.246923","11.29419","Good","0"
"Wichita KS - Omnicare - WCA","Good","Good","Good","12.429344","9.607556","Good","0"
"Wilkes-Barre PA - MailOrder - WBA","Good","Good","Good","9.929018","7.03396","Good","0"
"Windsor CT - Aetna - WIN","Good","Good","Good","0.88304055","0.7534406","Good","0"
"Windsor CT - DataCenter - WDR","Good","Good","Good","0.4648852","0.13705587","Good","0"
"Woonsocket RI - Aetna - WNS","Good","Good","Good","4.9314265","29.869751","Good","0"
"Woonsocket RI - Corporate - WON","Good","Good","Good","0.42972028","0.7344898","Good","0"
"Woonsocket RI - DataCenter - WON","Good","Good","Good","2.1386666e-7","2.0933332e-7","Good","0"
"Woonsocket RI - Warehouse - WOT","Good","Good","Good","","","Good","0"